"step","stage_type","added_variable","median_auc","p05_auc","p95_auc","x_label"
0,"confounder","Sex only",0.500331366421617,0.500331366421617,0.500331366421617,"Sex only"
1,"confounder","Sex + Ethnicity",0.500248301228556,0.499026897756847,0.501314880000219,"Sex + Ethnicity"
2,"confounder","Baseline",0.81391063652818,0.813841647605264,0.813948905577429,"Baseline"
3,"selected","triglycerides",0.813983612328231,0.813906035855354,0.814041546506537,"+ triglycerides"
4,"selected","employment",0.813886559824369,0.81375232933145,0.814008551509534,"+ employment"
5,"selected","smoking_status_refined",0.813919798270273,0.813796042502282,0.814018745798455,"+ smoking_status_refined"
6,"selected","housing",0.813907378451661,0.81379118506044,0.814000925029708,"+ housing"
7,"selected","salt_added",0.81387548391029,0.813683484908004,0.814015580962746,"+ salt_added"
