"step","added_variable","median_auc","p05_auc","p95_auc","x_label"
0,"Baseline",0.813899132467523,0.813844006336113,0.813951253247825,"Baseline"
1,"triglycerides",0.813983917977315,0.813898166045556,0.814058102815728,"+ triglycerides"
2,"employment",0.813905023645489,0.81378195029557,0.813995458073642,"+ employment"
3,"smoking_status_refined",0.813900755261979,0.813766613252686,0.814031723396913,"+ smoking_status_refined"
4,"housing",0.813885193323212,0.813760252183852,0.814018807760779,"+ housing"
5,"salt_added",0.813875983414629,0.813750841165308,0.813980779900767,"+ salt_added"
